member_id,vote_position,roll_call
A000360,Yes,91
B001230,Yes,91
B001261,Yes,91
B001267,Yes,91
B001277,Yes,91
B000575,Yes,91
B001288,Yes,91
B001236,Yes,91
B000944,Yes,91
B001135,Yes,91
C000127,Yes,91
C001047,Yes,91
C000141,Yes,91
C000174,Yes,91
C001070,Yes,91
C001075,Yes,91
C000567,Yes,91
C001035,Yes,91
C001088,Yes,91
C001071,Yes,91
C001056,Yes,91
C001113,Yes,91
C001095,Yes,91
C000880,Yes,91
C001098,Yes,91
D000618,Yes,91
D000607,Yes,91
D000622,Yes,91
D000563,Yes,91
E000285,Yes,91
E000295,Yes,91
F000062,Yes,91
F000463,Yes,91
F000444,Yes,91
F000457,Yes,91
G000562,Yes,91
G000555,Yes,91
G000359,Yes,91
G000386,Yes,91
H001075,Yes,91
H001076,Yes,91
H000338,Yes,91
H001046,Yes,91
H001069,Yes,91
H001041,Yes,91
H001042,Yes,91
H001061,Yes,91
I000024,Not Voting,91
I000055,Not Voting,91
J000293,Yes,91
K000384,Yes,91
K000393,Yes,91
K000383,Yes,91
K000367,Yes,91
L000575,Yes,91
L000174,Yes,91
L000577,Yes,91
M001183,Yes,91
M000133,Yes,91
M000303,Yes,91
M001170,Yes,91
M000355,Yes,91
M000639,Yes,91
M001176,Yes,91
M000934,Yes,91
M001153,Yes,91
M001169,Yes,91
M001111,Yes,91
N000032,Yes,91
P000603,Yes,91
P000612,Yes,91
P000595,Yes,91
P000449,Yes,91
R000122,Yes,91
R000584,Yes,91
R000307,Yes,91
R000605,Yes,91
R000595,Yes,91
S000033,Yes,91
S001197,Yes,91
S001194,Yes,91
S000148,Yes,91
S001184,Yes,91
S001181,Yes,91
S000320,Yes,91
S000770,Yes,91
S001202,Yes,91
S001198,Yes,91
T000464,Yes,91
T000250,Yes,91
T000476,Yes,91
T000461,Yes,91
U000039,Yes,91
V000128,Yes,91
W000805,Yes,91
W000817,Yes,91
W000802,Yes,91
W000437,Yes,91
W000779,Yes,91
Y000064,Yes,91
A000360,Not Voting,90
B001230,Yes,90
B001261,Not Voting,90
B001267,Yes,90
B001277,Yes,90
B000575,Yes,90
B001288,No,90
B001236,Yes,90
B000944,Yes,90
B001135,Yes,90
C000127,Yes,90
C001047,Yes,90
C000141,Yes,90
C000174,Yes,90
C001070,Yes,90
C001075,Yes,90
C000567,Yes,90
C001035,Yes,90
C001088,Yes,90
C001071,Not Voting,90
C001056,Yes,90
C001113,Yes,90
C001095,Yes,90
C000880,Yes,90
C001098,Yes,90
D000618,Yes,90
D000607,Yes,90
D000622,Yes,90
D000563,Yes,90
E000285,Yes,90
E000295,Yes,90
F000062,Yes,90
F000463,Yes,90
F000444,Yes,90
F000457,Yes,90
G000562,Yes,90
G000555,No,90
G000359,Yes,90
G000386,Yes,90
H001075,No,90
H001076,Yes,90
H000338,Yes,90
H001046,Yes,90
H001069,Yes,90
H001041,Yes,90
H001042,No,90
H001061,Yes,90
I000024,Yes,90
I000055,Not Voting,90
J000293,Yes,90
K000384,Yes,90
K000393,Yes,90
K000383,Yes,90
K000367,Yes,90
L000575,Yes,90
L000174,Yes,90
L000577,Yes,90
M001183,Yes,90
M000133,No,90
M000303,Yes,90
M001170,No,90
M000355,Yes,90
M000639,Yes,90
M001176,No,90
M000934,Yes,90
M001153,Yes,90
M001169,Yes,90
M001111,Yes,90
N000032,Yes,90
P000603,Yes,90
P000612,Yes,90
P000595,Yes,90
P000449,Yes,90
R000122,Yes,90
R000584,Yes,90
R000307,Yes,90
R000605,Yes,90
R000595,Yes,90
S000033,No,90
S001197,Yes,90
S001194,Yes,90
S000148,No,90
S001184,Yes,90
S001181,Yes,90
S000320,Yes,90
S000770,Yes,90
S001202,Yes,90
S001198,Yes,90
T000464,Yes,90
T000250,Yes,90
T000476,Yes,90
T000461,Yes,90
U000039,Yes,90
V000128,Yes,90
W000805,Yes,90
W000817,No,90
W000802,Yes,90
W000437,Yes,90
W000779,Yes,90
Y000064,Yes,90
A000360,Not Voting,89
B001230,No,89
B001261,Yes,89
B001267,Yes,89
B001277,Yes,89
B000575,Yes,89
B001288,No,89
B001236,Yes,89
B000944,Yes,89
B001135,Yes,89
C000127,Yes,89
C001047,Yes,89
C000141,Yes,89
C000174,Yes,89
C001070,Yes,89
C001075,Yes,89
C000567,Yes,89
C001035,Yes,89
C001088,Yes,89
C001071,Not Voting,89
C001056,Yes,89
C001113,Yes,89
C001095,Yes,89
C000880,Yes,89
C001098,Yes,89
D000618,Yes,89
D000607,Yes,89
D000622,No,89
D000563,Yes,89
E000285,Yes,89
E000295,Yes,89
F000062,Yes,89
F000463,Yes,89
F000444,Yes,89
F000457,Yes,89
G000562,Yes,89
G000555,No,89
G000359,Yes,89
G000386,Yes,89
H001075,No,89
H001076,Yes,89
H000338,Yes,89
H001046,Yes,89
H001069,Yes,89
H001041,Yes,89
H001042,Yes,89
H001061,Yes,89
I000024,Yes,89
I000055,Not Voting,89
J000293,Yes,89
K000384,Yes,89
K000393,Yes,89
K000383,Yes,89
K000367,Yes,89
L000575,Yes,89
L000174,Yes,89
L000577,Yes,89
M001183,Yes,89
M000133,No,89
M000303,Yes,89
M001170,Yes,89
M000355,Yes,89
M000639,Yes,89
M001176,No,89
M000934,Yes,89
M001153,Yes,89
M001169,Yes,89
M001111,Yes,89
N000032,Yes,89
P000603,No,89
P000612,Yes,89
P000595,Yes,89
P000449,Yes,89
R000122,Yes,89
R000584,Yes,89
R000307,Yes,89
R000605,Yes,89
R000595,Yes,89
S000033,No,89
S001197,Yes,89
S001194,Yes,89
S000148,Yes,89
S001184,Yes,89
S001181,Yes,89
S000320,Yes,89
S000770,Yes,89
S001202,Yes,89
S001198,Yes,89
T000464,Yes,89
T000250,Yes,89
T000476,Yes,89
T000461,Yes,89
U000039,No,89
V000128,Yes,89
W000805,Yes,89
W000817,No,89
W000802,Yes,89
W000437,Yes,89
W000779,No,89
Y000064,Yes,89
A000360,Yes,86
B001230,No,86
B001261,Yes,86
B001267,No,86
B001277,No,86
B000575,Yes,86
B001288,No,86
B001236,Yes,86
B000944,No,86
B001135,Yes,86
C000127,No,86
C001047,Yes,86
C000141,No,86
C000174,No,86
C001070,No,86
C001075,Yes,86
C000567,Yes,86
C001035,Yes,86
C001088,No,86
C001071,Yes,86
C001056,Yes,86
C001113,No,86
C001095,Yes,86
C000880,Yes,86
C001098,Yes,86
D000618,Yes,86
D000607,Yes,86
D000622,No,86
D000563,No,86
E000285,Yes,86
E000295,Yes,86
F000062,No,86
F000463,Yes,86
F000444,Yes,86
F000457,No,86
G000562,Yes,86
G000555,No,86
G000359,Yes,86
G000386,Yes,86
H001075,No,86
H001076,No,86
H000338,Yes,86
H001046,No,86
H001069,Yes,86
H001041,Yes,86
H001042,No,86
H001061,Yes,86
I000024,Yes,86
I000055,Not Voting,86
J000293,Yes,86
K000384,No,86
K000393,Yes,86
K000383,Yes,86
K000367,No,86
L000575,Yes,86
L000174,No,86
L000577,Yes,86
M001183,Yes,86
M000133,No,86
M000303,Yes,86
M001170,No,86
M000355,Yes,86
M000639,No,86
M001176,No,86
M000934,Yes,86
M001153,Yes,86
M001169,No,86
M001111,No,86
N000032,No,86
P000603,Yes,86
P000612,Yes,86
P000595,Not Voting,86
P000449,Yes,86
R000122,No,86
R000584,Yes,86
R000307,Yes,86
R000605,Yes,86
R000595,Yes,86
S000033,No,86
S001197,Yes,86
S001194,No,86
S000148,No,86
S001184,Yes,86
S001181,No,86
S000320,Yes,86
S000770,No,86
S001202,Yes,86
S001198,Yes,86
T000464,No,86
T000250,Yes,86
T000476,Yes,86
T000461,Yes,86
U000039,No,86
V000128,No,86
W000805,No,86
W000817,No,86
W000802,No,86
W000437,Yes,86
W000779,No,86
Y000064,Yes,86
A000360,Yes,79
B001230,No,79
B001261,Yes,79
B001267,No,79
B001277,No,79
B000575,Yes,79
B001288,No,79
B001236,Yes,79
B000944,No,79
B001135,Yes,79
C000127,No,79
C001047,Yes,79
C000141,No,79
C000174,Yes,79
C001070,No,79
C001075,Yes,79
C000567,Yes,79
C001035,Yes,79
C001088,No,79
C001071,Yes,79
C001056,Yes,79
C001113,Yes,79
C001095,Yes,79
C000880,Yes,79
C001098,Yes,79
D000618,Yes,79
D000607,Yes,79
D000622,No,79
D000563,No,79
E000285,Yes,79
E000295,Yes,79
F000062,No,79
F000463,Yes,79
F000444,Yes,79
F000457,No,79
G000562,Yes,79
G000555,No,79
G000359,Yes,79
G000386,Yes,79
H001075,No,79
H001076,No,79
H000338,Yes,79
H001046,No,79
H001069,Yes,79
H001041,Yes,79
H001042,No,79
H001061,Yes,79
I000024,Yes,79
I000055,Not Voting,79
J000293,Yes,79
K000384,No,79
K000393,Yes,79
K000383,Yes,79
K000367,No,79
L000575,Yes,79
L000174,No,79
L000577,Yes,79
M001183,Yes,79
M000133,No,79
M000303,Yes,79
M001170,Yes,79
M000355,Yes,79
M000639,No,79
M001176,No,79
M000934,Yes,79
M001153,Yes,79
M001169,No,79
M001111,No,79
N000032,No,79
P000603,Yes,79
P000612,Yes,79
P000595,No,79
P000449,Yes,79
R000122,No,79
R000584,Yes,79
R000307,Yes,79
R000605,Yes,79
R000595,Yes,79
S000033,No,79
S001197,Yes,79
S001194,No,79
S000148,No,79
S001184,Yes,79
S001181,No,79
S000320,Yes,79
S000770,Yes,79
S001202,Yes,79
S001198,Yes,79
T000464,Yes,79
T000250,Yes,79
T000476,Yes,79
T000461,Yes,79
U000039,Yes,79
V000128,No,79
W000805,Yes,79
W000817,No,79
W000802,No,79
W000437,Yes,79
W000779,No,79
Y000064,Yes,79
A000360,Yes,77
B001230,No,77
B001261,Yes,77
B001267,No,77
B001277,No,77
B000575,Yes,77
B001288,No,77
B001236,Yes,77
B000944,Yes,77
B001135,Yes,77
C000127,No,77
C001047,Yes,77
C000141,No,77
C000174,No,77
C001070,No,77
C001075,Yes,77
C000567,Yes,77
C001035,Yes,77
C001088,No,77
C001071,Yes,77
C001056,Yes,77
C001113,No,77
C001095,Yes,77
C000880,Yes,77
C001098,Yes,77
D000618,Yes,77
D000607,Yes,77
D000622,No,77
D000563,No,77
E000285,Yes,77
E000295,Yes,77
F000062,No,77
F000463,Yes,77
F000444,Yes,77
F000457,No,77
G000562,Yes,77
G000555,No,77
G000359,Yes,77
G000386,Yes,77
H001075,No,77
H001076,No,77
H000338,Yes,77
H001046,No,77
H001069,Yes,77
H001041,Yes,77
H001042,No,77
H001061,Yes,77
I000024,Yes,77
I000055,Not Voting,77
J000293,Yes,77
K000384,No,77
K000393,Yes,77
K000383,Yes,77
K000367,No,77
L000575,Yes,77
L000174,No,77
L000577,Yes,77
M001183,Yes,77
M000133,No,77
M000303,Yes,77
M001170,No,77
M000355,Yes,77
M000639,No,77
M001176,No,77
M000934,Yes,77
M001153,Yes,77
M001169,No,77
M001111,No,77
N000032,No,77
P000603,Yes,77
P000612,Yes,77
P000595,No,77
P000449,Yes,77
R000122,No,77
R000584,Yes,77
R000307,Yes,77
R000605,Yes,77
R000595,Yes,77
S000033,No,77
S001197,Yes,77
S001194,No,77
S000148,No,77
S001184,Yes,77
S001181,No,77
S000320,Yes,77
S000770,No,77
S001202,Yes,77
S001198,Yes,77
T000464,Yes,77
T000250,Yes,77
T000476,Yes,77
T000461,Yes,77
U000039,No,77
V000128,No,77
W000805,Yes,77
W000817,No,77
W000802,No,77
W000437,Yes,77
W000779,No,77
Y000064,Yes,77
A000360,Yes,75
B001230,No,75
B001261,Yes,75
B001267,Yes,75
B001277,No,75
B000575,Yes,75
B001288,No,75
B001236,Yes,75
B000944,Yes,75
B001135,Yes,75
C000127,No,75
C001047,Yes,75
C000141,No,75
C000174,No,75
C001070,No,75
C001075,Yes,75
C000567,Yes,75
C001035,Yes,75
C001088,Yes,75
C001071,Yes,75
C001056,Yes,75
C001113,Yes,75
C001095,Yes,75
C000880,Yes,75
C001098,Yes,75
D000618,Yes,75
D000607,Yes,75
D000622,No,75
D000563,No,75
E000285,Yes,75
E000295,Yes,75
F000062,No,75
F000463,Yes,75
F000444,Yes,75
F000457,No,75
G000562,Yes,75
G000555,No,75
G000359,Yes,75
G000386,Yes,75
H001075,No,75
H001076,No,75
H000338,Yes,75
H001046,Yes,75
H001069,Yes,75
H001041,Yes,75
H001042,No,75
H001061,Yes,75
I000024,Yes,75
I000055,Not Voting,75
J000293,Yes,75
K000384,Yes,75
K000393,Yes,75
K000383,Yes,75
K000367,No,75
L000575,Yes,75
L000174,No,75
L000577,Yes,75
M001183,Yes,75
M000133,No,75
M000303,Yes,75
M001170,Yes,75
M000355,Yes,75
M000639,No,75
M001176,No,75
M000934,Yes,75
M001153,Yes,75
M001169,Yes,75
M001111,No,75
N000032,Yes,75
P000603,Yes,75
P000612,Yes,75
P000595,No,75
P000449,Yes,75
R000122,No,75
R000584,Yes,75
R000307,Yes,75
R000605,Yes,75
R000595,Yes,75
S000033,No,75
S001197,Yes,75
S001194,No,75
S000148,No,75
S001184,Yes,75
S001181,No,75
S000320,Yes,75
S000770,No,75
S001202,Yes,75
S001198,Yes,75
T000464,Yes,75
T000250,Yes,75
T000476,Yes,75
T000461,Yes,75
U000039,Yes,75
V000128,No,75
W000805,Yes,75
W000817,No,75
W000802,No,75
W000437,Yes,75
W000779,Yes,75
Y000064,Yes,75
A000360,Yes,73
B001230,No,73
B001261,Yes,73
B001267,Yes,73
B001277,No,73
B000575,Yes,73
B001288,No,73
B001236,Yes,73
B000944,Yes,73
B001135,Yes,73
C000127,No,73
C001047,Yes,73
C000141,No,73
C000174,Yes,73
C001070,Yes,73
C001075,Yes,73
C000567,Yes,73
C001035,Yes,73
C001088,Yes,73
C001071,Yes,73
C001056,Yes,73
C001113,Yes,73
C001095,Yes,73
C000880,Yes,73
C001098,Yes,73
D000618,Yes,73
D000607,Yes,73
D000622,Yes,73
D000563,No,73
E000285,Yes,73
E000295,Yes,73
F000062,Yes,73
F000463,Yes,73
F000444,Yes,73
F000457,No,73
G000562,Yes,73
G000555,No,73
G000359,Yes,73
G000386,Yes,73
H001075,No,73
H001076,Yes,73
H000338,Yes,73
H001046,No,73
H001069,Yes,73
H001041,Yes,73
H001042,No,73
H001061,Yes,73
I000024,Yes,73
I000055,Not Voting,73
J000293,Yes,73
K000384,Yes,73
K000393,Yes,73
K000383,Yes,73
K000367,Yes,73
L000575,Yes,73
L000174,No,73
L000577,Yes,73
M001183,No,73
M000133,No,73
M000303,Yes,73
M001170,Yes,73
M000355,Yes,73
M000639,No,73
M001176,No,73
M000934,Yes,73
M001153,Yes,73
M001169,No,73
M001111,No,73
N000032,Yes,73
P000603,Yes,73
P000612,Yes,73
P000595,Yes,73
P000449,Yes,73
R000122,No,73
R000584,Yes,73
R000307,Yes,73
R000605,Yes,73
R000595,Yes,73
S000033,No,73
S001197,Yes,73
S001194,Yes,73
S000148,No,73
S001184,Yes,73
S001181,Yes,73
S000320,Yes,73
S000770,No,73
S001202,Yes,73
S001198,Yes,73
T000464,Yes,73
T000250,Yes,73
T000476,Yes,73
T000461,Yes,73
U000039,No,73
V000128,No,73
W000805,Yes,73
W000817,No,73
W000802,No,73
W000437,Yes,73
W000779,No,73
Y000064,Yes,73
A000360,Yes,71
B001230,No,71
B001261,Yes,71
B001267,No,71
B001277,No,71
B000575,Yes,71
B001288,No,71
B001236,Yes,71
B000944,No,71
B001135,Yes,71
C000127,No,71
C001047,Yes,71
C000141,No,71
C000174,No,71
C001070,No,71
C001075,Yes,71
C000567,Yes,71
C001035,No,71
C001088,No,71
C001071,Yes,71
C001056,Yes,71
C001113,No,71
C001095,Yes,71
C000880,Yes,71
C001098,Yes,71
D000618,Yes,71
D000607,Not Voting,71
D000622,No,71
D000563,No,71
E000285,Yes,71
E000295,Yes,71
F000062,No,71
F000463,Yes,71
F000444,Yes,71
F000457,No,71
G000562,Yes,71
G000555,No,71
G000359,Yes,71
G000386,Yes,71
H001075,No,71
H001076,No,71
H000338,Yes,71
H001046,No,71
H001069,Yes,71
H001041,Yes,71
H001042,No,71
H001061,Yes,71
I000024,Yes,71
I000055,Yes,71
J000293,Yes,71
K000384,No,71
K000393,Yes,71
K000383,No,71
K000367,No,71
L000575,Yes,71
L000174,No,71
L000577,Yes,71
M001183,Yes,71
M000133,No,71
M000303,Not Voting,71
M001170,No,71
M000355,Yes,71
M000639,No,71
M001176,No,71
M000934,Yes,71
M001153,Yes,71
M001169,No,71
M001111,No,71
N000032,No,71
P000603,Yes,71
P000612,Yes,71
P000595,No,71
P000449,Yes,71
R000122,No,71
R000584,Yes,71
R000307,Yes,71
R000605,Yes,71
R000595,Yes,71
S000033,No,71
S001197,Yes,71
S001194,No,71
S000148,No,71
S001184,Yes,71
S001181,No,71
S000320,Yes,71
S000770,No,71
S001202,Yes,71
S001198,Yes,71
T000464,No,71
T000250,Yes,71
T000476,Yes,71
T000461,Yes,71
U000039,No,71
V000128,No,71
W000805,No,71
W000817,No,71
W000802,No,71
W000437,Yes,71
W000779,No,71
Y000064,Yes,71
A000360,Yes,68
B001230,No,68
B001261,Yes,68
B001267,No,68
B001277,No,68
B000575,Yes,68
B001288,No,68
B001236,Yes,68
B000944,No,68
B001135,Yes,68
C000127,No,68
C001047,Yes,68
C000141,No,68
C000174,No,68
C001070,No,68
C001075,Yes,68
C000567,Yes,68
C001035,Yes,68
C001088,No,68
C001071,Yes,68
C001056,Yes,68
C001113,No,68
C001095,Yes,68
C000880,Yes,68
C001098,Yes,68
D000618,Yes,68
D000607,No,68
D000622,No,68
D000563,No,68
E000285,Yes,68
E000295,Yes,68
F000062,No,68
F000463,Yes,68
F000444,Yes,68
F000457,No,68
G000562,Yes,68
G000555,No,68
G000359,Yes,68
G000386,Yes,68
H001075,No,68
H001076,No,68
H000338,Yes,68
H001046,No,68
H001069,No,68
H001041,Yes,68
H001042,No,68
H001061,Yes,68
I000024,Yes,68
I000055,Yes,68
J000293,Yes,68
K000384,No,68
K000393,Yes,68
K000383,No,68
K000367,No,68
L000575,Yes,68
L000174,No,68
L000577,Yes,68
M001183,No,68
M000133,No,68
M000303,No,68
M001170,No,68
M000355,Yes,68
M000639,No,68
M001176,No,68
M000934,Yes,68
M001153,Yes,68
M001169,No,68
M001111,No,68
N000032,No,68
P000603,Yes,68
P000612,Yes,68
P000595,No,68
P000449,Yes,68
R000122,No,68
R000584,Yes,68
R000307,Yes,68
R000605,Yes,68
R000595,Yes,68
S000033,No,68
S001197,Yes,68
S001194,No,68
S000148,No,68
S001184,Yes,68
S001181,No,68
S000320,Yes,68
S000770,No,68
S001202,Yes,68
S001198,Yes,68
T000464,No,68
T000250,Yes,68
T000476,Yes,68
T000461,Yes,68
U000039,No,68
V000128,No,68
W000805,No,68
W000817,No,68
W000802,No,68
W000437,Yes,68
W000779,No,68
Y000064,Yes,68
A000360,Yes,65
B001230,No,65
B001261,Yes,65
B001267,Yes,65
B001277,Yes,65
B000575,Yes,65
B001288,No,65
B001236,Yes,65
B000944,No,65
B001135,Yes,65
C000127,Yes,65
C001047,Yes,65
C000141,Yes,65
C000174,Yes,65
C001070,Yes,65
C001075,Yes,65
C000567,Yes,65
C001035,Yes,65
C001088,Yes,65
C001071,Yes,65
C001056,Yes,65
C001113,Yes,65
C001095,Yes,65
C000880,Yes,65
C001098,Yes,65
D000618,Yes,65
D000607,Yes,65
D000622,Yes,65
D000563,No,65
E000285,Yes,65
E000295,Yes,65
F000062,Yes,65
F000463,Yes,65
F000444,Yes,65
F000457,Yes,65
G000562,Yes,65
G000555,No,65
G000359,Yes,65
G000386,Yes,65
H001075,No,65
H001076,Yes,65
H000338,Yes,65
H001046,No,65
H001069,Yes,65
H001041,Yes,65
H001042,Yes,65
H001061,Yes,65
I000024,Yes,65
I000055,Yes,65
J000293,Yes,65
K000384,Yes,65
K000393,Yes,65
K000383,Yes,65
K000367,Yes,65
L000575,Yes,65
L000174,Yes,65
L000577,Yes,65
M001183,Yes,65
M000133,No,65
M000303,Yes,65
M001170,Yes,65
M000355,Yes,65
M000639,Yes,65
M001176,No,65
M000934,Yes,65
M001153,Yes,65
M001169,Yes,65
M001111,No,65
N000032,Yes,65
P000603,Yes,65
P000612,Yes,65
P000595,Yes,65
P000449,Yes,65
R000122,No,65
R000584,Yes,65
R000307,Yes,65
R000605,Yes,65
R000595,Yes,65
S000033,No,65
S001197,Yes,65
S001194,No,65
S000148,No,65
S001184,Yes,65
S001181,Yes,65
S000320,Yes,65
S000770,Yes,65
S001202,Yes,65
S001198,Yes,65
T000464,Yes,65
T000250,Yes,65
T000476,Yes,65
T000461,Yes,65
U000039,No,65
V000128,No,65
W000805,Yes,65
W000817,No,65
W000802,No,65
W000437,Yes,65
W000779,No,65
Y000064,Yes,65
A000360,Yes,64
B001230,Yes,64
B001261,Yes,64
B001267,Yes,64
B001277,Yes,64
B000575,Yes,64
B001288,Yes,64
B001236,Yes,64
B000944,Yes,64
B001135,Yes,64
C000127,Yes,64
C001047,Yes,64
C000141,Yes,64
C000174,Yes,64
C001070,Yes,64
C001075,Yes,64
C000567,Yes,64
C001035,Yes,64
C001088,Yes,64
C001071,Yes,64
C001056,Yes,64
C001113,Yes,64
C001095,Yes,64
C000880,Yes,64
C001098,Yes,64
D000618,Yes,64
D000607,Yes,64
D000622,Yes,64
D000563,Yes,64
E000285,Yes,64
E000295,Yes,64
F000062,Yes,64
F000463,Yes,64
F000444,Yes,64
F000457,Yes,64
G000562,Yes,64
G000555,Yes,64
G000359,Yes,64
G000386,Yes,64
H001075,Yes,64
H001076,Yes,64
H000338,Yes,64
H001046,Yes,64
H001069,Yes,64
H001041,Yes,64
H001042,Yes,64
H001061,Yes,64
I000024,Yes,64
I000055,Yes,64
J000293,Yes,64
K000384,Yes,64
K000393,Yes,64
K000383,Yes,64
K000367,Yes,64
L000575,Yes,64
L000174,Yes,64
L000577,Yes,64
M001183,Yes,64
M000133,Yes,64
M000303,Yes,64
M001170,Yes,64
M000355,Yes,64
M000639,Yes,64
M001176,Yes,64
M000934,Yes,64
M001153,Yes,64
M001169,Yes,64
M001111,Yes,64
N000032,Yes,64
P000603,Yes,64
P000612,Yes,64
P000595,Yes,64
P000449,Yes,64
R000122,Yes,64
R000584,Yes,64
R000307,Yes,64
R000605,Yes,64
R000595,Yes,64
S000033,Yes,64
S001197,Yes,64
S001194,Yes,64
S000148,Yes,64
S001184,Yes,64
S001181,Yes,64
S000320,Yes,64
S000770,Yes,64
S001202,Yes,64
S001198,Yes,64
T000464,Yes,64
T000250,Yes,64
T000476,Yes,64
T000461,Yes,64
U000039,Yes,64
V000128,Yes,64
W000805,Yes,64
W000817,Yes,64
W000802,Yes,64
W000437,Yes,64
W000779,Yes,64
Y000064,Yes,64
A000360,Yes,63
B001230,No,63
B001261,Yes,63
B001267,No,63
B001277,No,63
B000575,Yes,63
B001288,No,63
B001236,Yes,63
B000944,No,63
B001135,Yes,63
C000127,No,63
C001047,Yes,63
C000141,No,63
C000174,No,63
C001070,No,63
C001075,Yes,63
C000567,Yes,63
C001035,Yes,63
C001088,No,63
C001071,Yes,63
C001056,Yes,63
C001113,No,63
C001095,Yes,63
C000880,Yes,63
C001098,Yes,63
D000618,Yes,63
D000607,No,63
D000622,No,63
D000563,No,63
E000285,Yes,63
E000295,Yes,63
F000062,No,63
F000463,Yes,63
F000444,Yes,63
F000457,No,63
G000562,Yes,63
G000555,No,63
G000359,Yes,63
G000386,Yes,63
H001075,No,63
H001076,No,63
H000338,Yes,63
H001046,No,63
H001069,No,63
H001041,Yes,63
H001042,No,63
H001061,Yes,63
I000024,Yes,63
I000055,Yes,63
J000293,Yes,63
K000384,No,63
K000393,Yes,63
K000383,No,63
K000367,No,63
L000575,Yes,63
L000174,No,63
L000577,Yes,63
M001183,Yes,63
M000133,No,63
M000303,Yes,63
M001170,No,63
M000355,Yes,63
M000639,No,63
M001176,No,63
M000934,Yes,63
M001153,Yes,63
M001169,No,63
M001111,No,63
N000032,No,63
P000603,Yes,63
P000612,Yes,63
P000595,No,63
P000449,Yes,63
R000122,No,63
R000584,Yes,63
R000307,Yes,63
R000605,Yes,63
R000595,Yes,63
S000033,No,63
S001197,Yes,63
S001194,No,63
S000148,No,63
S001184,Yes,63
S001181,No,63
S000320,Yes,63
S000770,No,63
S001202,Yes,63
S001198,Yes,63
T000464,No,63
T000250,Yes,63
T000476,Yes,63
T000461,Yes,63
U000039,No,63
V000128,No,63
W000805,No,63
W000817,No,63
W000802,No,63
W000437,Yes,63
W000779,No,63
Y000064,Yes,63
A000360,Yes,61
B001230,No,61
B001261,Yes,61
B001267,No,61
B001277,No,61
B000575,Yes,61
B001288,No,61
B001236,Yes,61
B000944,No,61
B001135,Yes,61
C000127,No,61
C001047,Yes,61
C000141,No,61
C000174,No,61
C001070,No,61
C001075,Yes,61
C000567,Yes,61
C001035,Yes,61
C001088,No,61
C001071,Yes,61
C001056,Yes,61
C001113,No,61
C001095,Yes,61
C000880,Yes,61
C001098,Yes,61
D000618,Yes,61
D000607,No,61
D000622,No,61
D000563,No,61
E000285,Yes,61
E000295,Yes,61
F000062,No,61
F000463,Yes,61
F000444,Yes,61
F000457,No,61
G000562,Yes,61
G000555,No,61
G000359,Yes,61
G000386,Yes,61
H001075,No,61
H001076,No,61
H000338,Yes,61
H001046,No,61
H001069,No,61
H001041,Yes,61
H001042,No,61
H001061,Yes,61
I000024,Yes,61
I000055,Yes,61
J000293,Yes,61
K000384,No,61
K000393,Yes,61
K000383,No,61
K000367,No,61
L000575,Yes,61
L000174,No,61
L000577,Yes,61
M001183,No,61
M000133,No,61
M000303,Yes,61
M001170,Not Voting,61
M000355,Yes,61
M000639,No,61
M001176,No,61
M000934,Yes,61
M001153,Yes,61
M001169,No,61
M001111,No,61
N000032,No,61
P000603,Yes,61
P000612,Yes,61
P000595,No,61
P000449,Yes,61
R000122,No,61
R000584,Yes,61
R000307,Yes,61
R000605,Yes,61
R000595,Yes,61
S000033,No,61
S001197,Yes,61
S001194,No,61
S000148,No,61
S001184,Yes,61
S001181,No,61
S000320,Yes,61
S000770,No,61
S001202,Yes,61
S001198,Yes,61
T000464,No,61
T000250,Yes,61
T000476,Yes,61
T000461,Yes,61
U000039,No,61
V000128,No,61
W000805,No,61
W000817,No,61
W000802,No,61
W000437,Yes,61
W000779,No,61
Y000064,Yes,61
A000360,Yes,59
B001230,No,59
B001261,Yes,59
B001267,No,59
B001277,No,59
B000575,Yes,59
B001288,No,59
B001236,Yes,59
B000944,No,59
B001135,Yes,59
C000127,No,59
C001047,Yes,59
C000141,No,59
C000174,No,59
C001070,No,59
C001075,Yes,59
C000567,Yes,59
C001035,Yes,59
C001088,No,59
C001071,Yes,59
C001056,Yes,59
C001113,No,59
C001095,Yes,59
C000880,Yes,59
C001098,Yes,59
D000618,Yes,59
D000607,No,59
D000622,No,59
D000563,No,59
E000285,Yes,59
E000295,Yes,59
F000062,No,59
F000463,Yes,59
F000444,Yes,59
F000457,No,59
G000562,Yes,59
G000555,No,59
G000359,Yes,59
G000386,Yes,59
H001075,No,59
H001076,No,59
H000338,Yes,59
H001046,No,59
H001069,No,59
H001041,Yes,59
H001042,No,59
H001061,Yes,59
I000024,Yes,59
I000055,Yes,59
J000293,Yes,59
K000384,No,59
K000393,Yes,59
K000383,No,59
K000367,No,59
L000575,Yes,59
L000174,No,59
L000577,Yes,59
M001183,Yes,59
M000133,No,59
M000303,Yes,59
M001170,No,59
M000355,Yes,59
M000639,No,59
M001176,No,59
M000934,Yes,59
M001153,Yes,59
M001169,No,59
M001111,No,59
N000032,No,59
P000603,Yes,59
P000612,Yes,59
P000595,No,59
P000449,Yes,59
R000122,No,59
R000584,Yes,59
R000307,Yes,59
R000605,Yes,59
R000595,Yes,59
S000033,No,59
S001197,Yes,59
S001194,No,59
S000148,No,59
S001184,Yes,59
S001141,Present,59
S001181,No,59
S000320,Yes,59
S000770,No,59
S001198,Yes,59
T000464,No,59
T000250,Yes,59
T000476,Yes,59
T000461,Yes,59
U000039,No,59
V000128,No,59
W000805,No,59
W000817,No,59
W000802,No,59
W000437,Yes,59
W000779,No,59
Y000064,Yes,59
A000360,Yes,54
B001230,No,54
B001261,Yes,54
B001267,No,54
B001277,No,54
B000575,Yes,54
B001288,No,54
B001236,Yes,54
B000944,No,54
B001135,Yes,54
C000127,No,54
C001047,Yes,54
C000141,No,54
C000174,No,54
C001070,No,54
C001075,Yes,54
C000567,Yes,54
C001035,No,54
C001088,No,54
C001071,Yes,54
C001056,Yes,54
C001113,No,54
C001095,Yes,54
C000880,Yes,54
C001098,Yes,54
D000618,Yes,54
D000607,No,54
D000622,No,54
D000563,No,54
E000285,Yes,54
E000295,Yes,54
F000062,No,54
F000463,Yes,54
F000444,Yes,54
F000457,No,54
G000562,Yes,54
G000555,No,54
G000359,Yes,54
G000386,Yes,54
H001075,No,54
H001076,No,54
H000338,Yes,54
H001046,No,54
H001069,No,54
H001041,Yes,54
H001042,No,54
H001061,Yes,54
I000024,Yes,54
I000055,Yes,54
J000293,Yes,54
K000384,No,54
K000393,Yes,54
K000383,No,54
K000367,No,54
L000575,Yes,54
L000174,No,54
L000577,Yes,54
M001183,No,54
M000133,No,54
M000303,Yes,54
M001170,No,54
M000355,Yes,54
M000639,No,54
M001176,No,54
M000934,Yes,54
M001153,No,54
M001169,No,54
M001111,No,54
N000032,No,54
P000603,Yes,54
P000612,Yes,54
P000595,No,54
P000449,Yes,54
R000122,No,54
R000584,Yes,54
R000307,Yes,54
R000605,Yes,54
R000595,Yes,54
S000033,No,54
S001197,Yes,54
S001194,No,54
S000148,No,54
S001184,Yes,54
S001141,Yes,54
S001181,No,54
S000320,Yes,54
S000770,No,54
S001198,Yes,54
T000464,No,54
T000250,Yes,54
T000476,Yes,54
T000461,Yes,54
U000039,No,54
V000128,No,54
W000805,No,54
W000817,No,54
W000802,No,54
W000437,Yes,54
W000779,No,54
Y000064,Yes,54
A000360,Yes,36
B001230,No,36
B001261,Yes,36
B001267,No,36
B001277,No,36
B000575,Yes,36
B001288,No,36
B001236,Yes,36
B000944,No,36
B001135,Yes,36
C000127,No,36
C001047,Yes,36
C000141,No,36
C000174,No,36
C001070,No,36
C001075,Yes,36
C000567,Yes,36
C001035,Yes,36
C001088,Not Voting,36
C001071,Yes,36
C001056,Yes,36
C001113,No,36
C001095,Yes,36
C000880,Yes,36
C001098,Yes,36
D000618,Yes,36
D000607,No,36
D000622,No,36
D000563,No,36
E000285,Yes,36
E000295,Yes,36
F000062,No,36
F000463,Yes,36
F000444,Yes,36
F000457,No,36
G000562,Yes,36
G000555,No,36
G000359,Yes,36
G000386,Yes,36
H001075,No,36
H001076,No,36
H000338,Yes,36
H001046,No,36
H001069,Yes,36
H001041,Yes,36
H001042,No,36
H001061,Yes,36
I000024,Yes,36
I000055,Yes,36
J000293,Yes,36
K000384,No,36
K000393,Yes,36
K000383,Yes,36
K000367,No,36
L000575,Yes,36
L000174,No,36
L000577,Yes,36
M001183,Yes,36
M000133,No,36
M000303,Yes,36
M001170,No,36
M000355,Yes,36
M000639,No,36
M001176,No,36
M000934,Yes,36
M001153,Yes,36
M001169,No,36
M001111,No,36
N000032,No,36
P000603,Yes,36
P000612,Yes,36
P000595,No,36
P000449,Yes,36
R000122,No,36
R000584,Yes,36
R000307,Yes,36
R000605,Yes,36
R000595,Yes,36
S000033,No,36
S001197,Yes,36
S001194,No,36
S000148,No,36
S001184,Yes,36
S001141,Yes,36
S001181,No,36
S000320,Yes,36
S000770,No,36
S001198,Yes,36
T000464,No,36
T000250,Yes,36
T000476,Yes,36
T000461,Yes,36
U000039,No,36
V000128,No,36
W000805,Yes,36
W000817,No,36
W000802,No,36
W000437,Yes,36
W000779,No,36
Y000064,Yes,36
A000360,Yes,35
B001230,Yes,35
B001261,Yes,35
B001267,Yes,35
B001277,Yes,35
B000575,Yes,35
B001288,No,35
B001236,Yes,35
B000944,Yes,35
B001135,Yes,35
C000127,Yes,35
C001047,Yes,35
C000141,Yes,35
C000174,Yes,35
C001070,Yes,35
C001075,Yes,35
C000567,Yes,35
C001035,Yes,35
C001088,Yes,35
C001071,Yes,35
C001056,Yes,35
C001113,Yes,35
C001095,Yes,35
C000880,Yes,35
C001098,Yes,35
D000618,Yes,35
D000607,Yes,35
D000622,Yes,35
D000563,Yes,35
E000285,Yes,35
E000295,Yes,35
F000062,Yes,35
F000463,Yes,35
F000444,Yes,35
F000457,Yes,35
G000562,Yes,35
G000555,No,35
G000359,Yes,35
G000386,Yes,35
H001075,Yes,35
H001076,Yes,35
H000338,Yes,35
H001046,Yes,35
H001069,Yes,35
H001041,Yes,35
H001042,Yes,35
H001061,Yes,35
I000024,Yes,35
I000055,Yes,35
J000293,Yes,35
K000384,Yes,35
K000393,Yes,35
K000383,Yes,35
K000367,Yes,35
L000575,Yes,35
L000174,Yes,35
L000577,Yes,35
M001183,Yes,35
M000133,Yes,35
M000303,Yes,35
M001170,Yes,35
M000355,Present,35
M000639,Yes,35
M001176,No,35
M000934,Yes,35
M001153,Yes,35
M001169,Yes,35
M001111,Yes,35
N000032,Yes,35
P000603,Yes,35
P000612,Yes,35
P000595,Yes,35
P000449,Yes,35
R000122,Yes,35
R000584,Yes,35
R000307,Yes,35
R000605,Yes,35
R000595,Yes,35
S000033,No,35
S001197,Yes,35
S001194,Yes,35
S000148,No,35
S001184,Yes,35
S001141,Yes,35
S001181,Yes,35
S000320,Yes,35
S000770,Yes,35
S001198,Yes,35
T000464,Yes,35
T000250,Yes,35
T000476,Yes,35
T000461,Yes,35
U000039,Yes,35
V000128,Yes,35
W000805,Yes,35
W000817,No,35
W000802,Yes,35
W000437,Yes,35
W000779,Yes,35
Y000064,Yes,35
A000360,Yes,33
B001230,Yes,33
B001261,Yes,33
B001267,Yes,33
B001277,Yes,33
B000575,Yes,33
B001288,Yes,33
B001236,Yes,33
B000944,Yes,33
B001135,Yes,33
C000127,Yes,33
C001047,Yes,33
C000141,Yes,33
C000174,Yes,33
C001070,Yes,33
C001075,Yes,33
C000567,Yes,33
C001035,Yes,33
C001088,No,33
C001071,Yes,33
C001056,Yes,33
C001113,Yes,33
C001095,Yes,33
C000880,Yes,33
C001098,Yes,33
D000618,Yes,33
D000607,Yes,33
D000622,Yes,33
D000563,Yes,33
E000285,Yes,33
E000295,Yes,33
F000062,Yes,33
F000463,Yes,33
F000444,Yes,33
F000457,Yes,33
G000562,Yes,33
G000555,Yes,33
G000359,Yes,33
G000386,Yes,33
H001075,Yes,33
H001076,Yes,33
H000338,Yes,33
H001046,No,33
H001069,Yes,33
H001041,Yes,33
H001042,Yes,33
H001061,Yes,33
I000024,Yes,33
I000055,Yes,33
J000293,Yes,33
K000384,Yes,33
K000393,Yes,33
K000383,Yes,33
K000367,Yes,33
L000575,Yes,33
L000174,Yes,33
L000577,Yes,33
M001183,Yes,33
M000133,Yes,33
M000303,Yes,33
M001170,Yes,33
M000355,Yes,33
M000639,Yes,33
M001176,Yes,33
M000934,Yes,33
M001153,Yes,33
M001169,Yes,33
M001111,Yes,33
N000032,Yes,33
P000603,Yes,33
P000612,Yes,33
P000595,Yes,33
P000449,Yes,33
R000122,Yes,33
R000584,Yes,33
R000307,Yes,33
R000605,Yes,33
R000595,Yes,33
S000033,No,33
S001197,Yes,33
S001194,Yes,33
S000148,Yes,33
S001184,Yes,33
S001141,Yes,33
S001181,Yes,33
S000320,Yes,33
S000770,Yes,33
S001198,Yes,33
T000464,Yes,33
T000250,Yes,33
T000476,Yes,33
T000461,Yes,33
U000039,No,33
V000128,Yes,33
W000805,Yes,33
W000817,Yes,33
W000802,Yes,33
W000437,Yes,33
W000779,Yes,33
Y000064,Yes,33
A000360,Yes,32
B001230,No,32
B001261,Yes,32
B001267,No,32
B001277,Not Voting,32
B000575,Yes,32
B001288,No,32
B001236,Yes,32
B000944,No,32
B001135,Yes,32
C000127,No,32
C001047,Yes,32
C000141,No,32
C000174,No,32
C001070,No,32
C001075,Yes,32
C000567,Yes,32
C001035,Yes,32
C001088,No,32
C001071,Yes,32
C001056,Yes,32
C001113,No,32
C001095,Yes,32
C000880,Yes,32
C001098,Yes,32
D000618,Yes,32
D000607,Yes,32
D000622,No,32
D000563,No,32
E000285,Yes,32
E000295,Yes,32
F000062,Yes,32
F000463,Yes,32
F000444,Yes,32
F000457,No,32
G000562,Yes,32
G000555,No,32
G000359,Yes,32
G000386,Yes,32
H001075,No,32
H001076,Yes,32
H000338,Yes,32
H001046,No,32
H001069,Yes,32
H001041,Yes,32
H001042,No,32
H001061,Yes,32
I000024,Yes,32
I000055,Yes,32
J000293,Yes,32
K000384,Yes,32
K000393,Yes,32
K000383,Yes,32
K000367,Yes,32
L000575,Yes,32
L000174,No,32
L000577,Yes,32
M001183,Yes,32
M000133,No,32
M000303,Yes,32
M001170,Yes,32
M000355,Yes,32
M000639,No,32
M001176,No,32
M000934,Yes,32
M001153,Yes,32
M001169,Not Voting,32
M001111,No,32
N000032,No,32
P000603,No,32
P000612,Yes,32
P000595,No,32
P000449,Yes,32
R000122,Yes,32
R000584,Yes,32
R000307,Yes,32
R000605,Yes,32
R000595,Yes,32
S000033,No,32
S001197,Yes,32
S001194,Yes,32
S000148,Yes,32
S001184,Yes,32
S001141,Yes,32
S001181,Yes,32
S000320,Yes,32
S000770,No,32
S001198,Yes,32
T000464,No,32
T000250,Yes,32
T000476,Yes,32
T000461,Yes,32
U000039,No,32
V000128,No,32
W000805,Yes,32
W000817,No,32
W000802,Yes,32
W000437,Yes,32
W000779,No,32
Y000064,Yes,32
A000360,Yes,30
B001230,Yes,30
B001261,Yes,30
B001267,Yes,30
B001277,No,30
B000575,Yes,30
B001288,No,30
B001236,Yes,30
B000944,Yes,30
B001135,Yes,30
C000127,Yes,30
C001047,Yes,30
C000141,Yes,30
C000174,Yes,30
C001070,Yes,30
C001075,Yes,30
C000567,Yes,30
C001035,Yes,30
C001088,Yes,30
C001071,Yes,30
C001056,Yes,30
C001113,No,30
C001095,Yes,30
C000880,Yes,30
C001098,Yes,30
D000618,Yes,30
D000607,Yes,30
D000622,Yes,30
D000563,Yes,30
E000285,Yes,30
E000295,Yes,30
F000062,Yes,30
F000463,Yes,30
F000444,Yes,30
F000457,Yes,30
G000562,Yes,30
G000555,No,30
G000359,Yes,30
G000386,Yes,30
H001075,No,30
H001076,Yes,30
H000338,Yes,30
H001046,No,30
H001069,Yes,30
H001041,Yes,30
H001042,Yes,30
H001061,Yes,30
I000024,Yes,30
I000055,Yes,30
J000293,Yes,30
K000384,Yes,30
K000393,Yes,30
K000383,Yes,30
K000367,Yes,30
L000575,Yes,30
L000174,Yes,30
L000577,Yes,30
M001183,Yes,30
M000133,Yes,30
M000303,Yes,30
M001170,Yes,30
M000355,Yes,30
M000639,Yes,30
M001176,No,30
M000934,Yes,30
M001153,Yes,30
M001169,Yes,30
M001111,Yes,30
N000032,Yes,30
P000603,Yes,30
P000612,Yes,30
P000595,Yes,30
P000449,Yes,30
R000122,Yes,30
R000584,Yes,30
R000307,Yes,30
R000605,Yes,30
R000595,Yes,30
S000033,Yes,30
S001197,Yes,30
S001194,Yes,30
S000148,Yes,30
S001184,Yes,30
S001141,Not Voting,30
S001181,Yes,30
S000320,Yes,30
S000770,Yes,30
S001198,Yes,30
T000464,Yes,30
T000250,Yes,30
T000476,Yes,30
T000461,Yes,30
U000039,No,30
V000128,No,30
W000805,Yes,30
W000817,No,30
W000802,Yes,30
W000437,Yes,30
W000779,No,30
Y000064,Yes,30
A000360,Yes,29
B001230,Yes,29
B001261,Yes,29
B001267,Yes,29
B001277,Yes,29
B000575,Yes,29
B001288,Yes,29
B001236,Yes,29
B000944,Yes,29
B001135,Yes,29
C000127,Yes,29
C001047,Yes,29
C000141,Yes,29
C000174,Yes,29
C001070,Yes,29
C001075,Yes,29
C000567,Yes,29
C001035,Yes,29
C001088,Yes,29
C001071,Yes,29
C001056,Yes,29
C001113,Yes,29
C001095,Yes,29
C000880,Yes,29
C001098,Yes,29
D000618,Yes,29
D000607,Yes,29
D000622,Yes,29
D000563,Yes,29
E000285,Yes,29
E000295,Yes,29
F000062,Yes,29
F000463,Yes,29
F000444,Yes,29
F000457,Yes,29
G000562,Yes,29
G000555,No,29
G000359,Yes,29
G000386,Yes,29
H001075,Yes,29
H001076,Yes,29
H000338,Yes,29
H001046,Yes,29
H001069,Yes,29
H001041,Yes,29
H001042,Yes,29
H001061,Yes,29
I000024,Yes,29
I000055,Yes,29
J000293,Yes,29
K000384,Yes,29
K000393,Yes,29
K000383,Yes,29
K000367,Yes,29
L000575,Yes,29
L000174,Yes,29
L000577,Yes,29
M001183,Yes,29
M000133,Yes,29
M000303,Yes,29
M001170,Yes,29
M000355,Yes,29
M000639,Yes,29
M001176,Yes,29
M000934,Yes,29
M001153,Yes,29
M001169,Yes,29
M001111,Yes,29
N000032,Yes,29
P000603,Yes,29
P000612,Yes,29
P000595,Yes,29
P000449,Yes,29
R000122,Yes,29
R000584,Yes,29
R000307,Yes,29
R000605,Yes,29
R000595,Yes,29
S000033,Yes,29
S001197,Yes,29
S001194,Yes,29
S000148,Yes,29
S001184,Yes,29
S001141,Not Voting,29
S001181,Yes,29
S000320,Yes,29
S000770,Yes,29
S001198,Yes,29
T000464,Yes,29
T000250,Yes,29
T000476,Yes,29
T000461,Yes,29
U000039,Yes,29
V000128,Yes,29
W000805,Yes,29
W000817,Yes,29
W000802,Yes,29
W000437,Yes,29
W000779,Yes,29
Y000064,Yes,29
